battery_id,cycle,capacity,temperature
B0005,1,1.8564874208181574,32.572328114029
B0005,2,1.846327249719927,32.72523522519307
B0005,3,1.8353491942234077,32.64286193755933
B0005,4,1.8352625275821128,32.51487646204882
B0005,5,1.8346455082120419,32.38234901543077
B0005,6,1.8356616600675495,32.43418218230641
B0005,7,1.8351461429226603,32.480416444757985
B0005,8,1.8257567905665537,32.41046186109587
B0005,9,1.8247738529891333,32.3461408313
B0005,10,1.824613268496936,32.27679750791685
B0005,11,1.8246195526864504,32.15709350345252
B0005,12,1.8142019357673917,32.36407129853099
B0005,13,1.8137521577549054,32.3181954403762
B0005,14,1.8134404914735822,32.15709029211502
B0005,15,1.8025980036306504,32.04407000314609
B0005,16,1.80210690024615,31.931593674911532
B0005,17,1.802579500826209,31.941655359029298
B0005,18,1.8030683142834096,31.965008645476725
B0005,19,1.8027776247196041,31.966241678512723
B0005,20,1.8470259949329193,32.37143341978575
B0005,21,1.847417311283644,32.70024990461686
B0005,22,1.8361774213478947,32.32266411829938
B0005,23,1.8257807475776242,31.98795810666763
B0005,24,1.8251136435078368,31.894456524691385
B0005,25,1.8255815042203762,31.78039681801023
B0005,26,1.8140311275083907,31.688747146342205
B0005,27,1.8147691941158939,31.596747992569153
B0005,28,1.813969388710352,31.565586498787077
B0005,29,1.802765665167823,31.59124667045208
B0005,30,1.804077040117352,31.603485399391182
B0005,31,1.8518025516704486,31.91556385491565
B0005,32,1.8307038456739428,32.081128118597164
B0005,33,1.8199041089501267,31.849792632896243
B0005,34,1.8093079637028517,31.465690433362017
B0005,35,1.80460990458052,31.40934895665031
B0005,36,1.7993770651972192,31.902247475518077
B0005,37,1.7884432335370462,31.649024294808623
B0005,38,1.7829230484252723,31.48874626238971
B0005,39,1.7730337158018288,31.329995610092634
B0005,40,1.773037755078937,31.569551201845574
B0005,41,1.7678721106662054,32.111426258867944
B0005,42,1.7623150704093087,32.271676011112376
B0005,43,1.7676172924938447,31.842291659678658
B0005,44,1.762668359743147,31.759815453754253
B0005,45,1.7517304870664143,31.41911167391793
B0005,46,1.7418496047960008,31.331626572312267
B0005,47,1.7360913511847138,31.35934131425137
B0005,48,1.7936240148573608,34.31088483888259
B0005,49,1.7831890223273275,33.43585640373788
B0005,50,1.7673642076278957,32.66698125020078
B0005,51,1.7570177850353066,32.28423408691397
B0005,52,1.7468706179837907,32.00739178780946
B0005,53,1.7417172507457144,32.06387071886056
B0005,54,1.7364225056478186,32.43754560319043
B0005,55,1.7263217239235826,32.16809876635083
B0005,56,1.7158065389330133,32.05752645824972
B0005,57,1.710533351135192,31.975920928072714
B0005,58,1.706014499648521,32.21689335291319
B0005,59,1.7003110272642588,32.55632993697177
B0005,60,1.6945798601797895,32.40048085325998
B0005,61,1.6849029086609286,32.29371860868794
B0005,62,1.6744741591159717,32.136071448067796
B0005,63,1.6745692479879102,32.38268549723498
B0005,64,1.663716375981405,32.30899951427637
B0005,65,1.659013868748246,32.56636929496716
B0005,66,1.6538540573335014,32.46542951751835
B0005,67,1.642653782130131,32.347056454418095
B0005,68,1.6378578430223698,32.371538940646154
B0005,69,1.6327350407099108,32.45549347979197
B0005,70,1.6277528915533617,32.50017194695606
B0005,71,1.622125485521159,32.50100298369444
B0005,72,1.6113256603765849,32.4728927422438
B0005,73,1.6065631397488385,32.50480154634882
B0005,74,1.6015142233917594,32.51218336210202
B0005,75,1.590369231400328,32.45692821941515
B0005,76,1.5857889968242211,32.447059186431154
B0005,77,1.5849430707374117,32.32889654966259
B0005,78,1.5955263892495937,32.84488475360107
B0005,79,1.5747301747801037,32.31731555011648
B0005,80,1.5649019950937946,32.06376130177751
B0005,81,1.5597659473370362,32.21997626855924
B0005,82,1.5594815668184234,32.7120225448885
B0005,83,1.55468935359061,32.945022147355694
B0005,84,1.5488741079890418,32.857549597381336
B0005,85,1.538236598942558,32.629663328789654
B0005,86,1.527914258251028,32.379859014262976
B0005,87,1.5285252629756445,32.68215852457039
B0005,88,1.522647325284378,32.99387423636739
B0005,89,1.5174859938489869,33.04539707211165
B0005,90,1.605818899130659,32.856295641052824
B0005,91,1.5638491446744425,33.33950238056361
B0005,92,1.5480915247767786,33.35156485472646
B0005,93,1.5323755631868592,33.147486361012966
B0005,94,1.5269528268489705,33.007275861749356
B0005,95,1.5169573017136326,32.91990812745461
B0005,96,1.5118975960142693,32.99903328622305
B0005,97,1.5065638960681105,33.03772281691292
B0005,98,1.5015453526671363,33.07740307192613
B0005,99,1.4908444050400238,33.05467981523988
B0005,100,1.485868384561201,33.11570360624461
B0005,101,1.480413677976106,33.12942148982364
B0005,102,1.4752095869031632,33.130681310493344
B0005,103,1.4859035988304024,33.20069210329718
B0005,104,1.4960918298136696,33.78697527817091
B0005,105,1.4808005946928984,33.673365085761986
B0005,106,1.4697543268466824,33.535818118317145
B0005,107,1.4539012274845928,33.32269982188509
B0005,108,1.4541462067235693,33.346230327490304
B0005,109,1.455023751906683,33.64948900485925
B0005,110,1.449042163761236,33.79269513542102
B0005,111,1.4386709371480566,33.52446663707275
B0005,112,1.433445432156979,33.39042251934235
B0005,113,1.4333958900838095,33.67370212742761
B0005,114,1.42806487344776,33.91080564765892
B0005,115,1.4229203181741186,33.7850680599871
B0005,116,1.417429032731308,33.61126807392732
B0005,117,1.412409228794446,33.45598581472246
B0005,118,1.412578792940193,33.723267448788484
B0005,119,1.4075983731469897,34.050076369857344
B0005,120,1.4333920485221476,33.889346908026745
B0005,121,1.4382550176792908,34.067648550088656
B0005,122,1.4173547174485526,33.75168100943646
B0005,123,1.406981663677643,33.46482299584788
B0005,124,1.4012037783587625,33.40210697922146
B0005,125,1.3967008232726328,33.410688917712235
B0005,126,1.391284788852726,33.38984948261314
B0005,127,1.3862287677978349,33.3700433438796
B0005,128,1.3804366761974138,33.27215987470977
B0005,129,1.3752364150256224,33.222444215660225
B0005,130,1.3705128024895008,33.26207748383125
B0005,131,1.3705085566270399,33.312029905516525
B0005,132,1.3647355108681518,33.25287943255863
B0005,133,1.375392016895762,33.745054045019884
B0005,134,1.3861115151535393,33.88841975386692
B0005,135,1.3698500035838939,33.7353756996425
B0005,136,1.3647827949260758,33.59131052719714
B0005,137,1.3543220466259964,33.32366688599416
B0005,138,1.3546417018378962,33.691961507697364
B0005,139,1.3547039213192407,33.887639684793655
B0005,140,1.349314997503458,33.67308060941856
B0005,141,1.3441891937970554,33.411988203265814
B0005,142,1.3389913790695755,33.29926524979532
B0005,143,1.3389145230206971,33.59980731390034
B0005,144,1.3340066759761655,33.61961195858585
B0005,145,1.3286444309174914,33.3945201718652
B0005,146,1.3231708992276219,33.16734508187535
B0005,147,1.3181691588445197,33.10962161613893
B0005,148,1.3184664436640334,33.46501751186519
B0005,149,1.318293040102702,33.4426191014044
B0005,150,1.323872422244268,33.037928170775885
B0005,151,1.3601216766554785,33.4949493613756
B0005,152,1.3395306867947354,33.491363029025784
B0005,153,1.3290286565120697,33.329808599922345
B0005,154,1.3236741274998955,33.27302769298771
B0005,155,1.318633896753293,33.229879126701434
B0005,156,1.3134751321324272,33.20860833999321
B0005,157,1.3132020634442203,33.236115055926255
B0005,158,1.3077959946944353,33.18660088296571
B0005,159,1.3030329186405918,33.174058099115534
B0005,160,1.3033573559038205,33.253984518546055
B0005,161,1.3034100438655642,33.3198093248819
B0005,162,1.2978870806495706,33.33765795318198
B0005,163,1.2980735056918902,33.29076744042025
B0005,164,1.293463613844243,33.27568841807217
B0005,165,1.288003392619118,33.32067807371405
B0005,166,1.2874525221379407,33.37314972896719
B0005,167,1.3090153642307354,33.71351889594897
B0005,168,1.3250793286429356,33.86531768239223
